<?xml version="1.0" encoding="UTF-8"?>
<project-private xmlns="http://www.netbeans.org/ns/project-private/1">
    <editor-bookmarks xmlns="http://www.netbeans.org/ns/editor-bookmarks/2" lastBookmarkId="0"/>
    <open-files xmlns="http://www.netbeans.org/ns/projectui-open-files/2">
        <group>
            <file>file:/C:/xampp/htdocs/ci_crud/application/models/EmpModel.php</file>
            <file>file:/C:/xampp/htdocs/ci_crud/application/views/EmpView.php</file>
            <file>file:/C:/xampp/htdocs/ci_crud/application/views/empEdit.php</file>
            <file>file:/C:/xampp/htdocs/ci_crud/application/views/empAdd.php</file>
            <file>file:/C:/xampp/htdocs/ci_crud/application/controllers/EmpController.php</file>
        </group>
    </open-files>
</project-private>
